id,first_name,last_name,age,job,salary
1,Christina,Welch,42,Scientific laboratory technician,82060.25
2,Angelica,Sparks,39,Company secretary,57829.16
3,William,Davis,42,Advertising art director,52472.61
4,Victor,Long,53,Administrator, education,34903.02
5,Susan,Smith,18,Homeopath,78266.87
6,Bobby,Butler,52,Horticulturist, commercial,67170.0
7,Nancy,Snyder,59,Horticulturist, commercial,87796.1
8,Andrew,Garcia,23,Programme researcher, broadcasting/film/video,47790.55
9,Daniel,Baker,44,Magazine journalist,45131.29
10,Sandra,Bryant,60,Production manager,87984.88
11,Donald,Brown,61,Homeopath,35769.66
12,Jennifer,Rice,23,Loss adjuster, chartered,46284.23
13,Courtney,Lee,53,Chief Financial Officer,61272.52
14,Maria,Rivers,19,Music tutor,55393.07
15,Stephen,Thomas,18,Editor, film/video,81378.84
16,Angel,Brown,50,Engineer, petroleum,72026.27
17,Jasmine,Carter,35,Further education lecturer,60293.67
18,Elaine,Horn,45,Audiological scientist,62836.39
19,Breanna,Garrett,51,Recruitment consultant,99079.86
20,Lauren,Blair,33,Automotive engineer,95213.71
21,Chad,Summers,49,Designer, blown glass/stained glass,78923.35
22,Jason,Scott,59,Public house manager,94561.7
23,Michaela,Rogers,35,Communications engineer,37520.28
24,Jodi,Duncan,38,Horticulturist, commercial,43053.55
25,Calvin,Rich,45,Psychologist, clinical,91344.1
26,Carla,Buck,51,Ambulance person,82190.34
27,Sabrina,Alexander,61,Engineer, aeronautical,67398.38
28,Catherine,Villegas,22,Herbalist,42468.23
29,Sarah,Russell,35,Contractor,32764.39
30,Lisa,Horne,63,Regulatory affairs officer,66066.04
31,Melissa,Molina,18,Primary school teacher,30804.03
32,Kyle,Hunter,57,Therapist, music,82169.68
33,Shane,Richardson,25,Accountant, chartered management,87999.43
34,Michael,Smith,54,Veterinary surgeon,57033.56
35,Susan,Morrison,60,Technical sales engineer,75935.45
36,Travis,Cook,40,Nurse, children's,86766.41
37,Tracy,Williamson,22,Designer, multimedia,58965.28
38,Matthew,Savage,49,Engineer, control and instrumentation,64353.2
39,Benjamin,Morris,34,Land/geomatics surveyor,48700.58
40,Paul,Miller,37,Surveyor, building,85032.37
41,Jennifer,Anderson,27,Printmaker,99768.82
42,Alan,Horton,40,Radiographer, diagnostic,76902.14
43,Robert,Ramirez,44,Writer,94146.51
44,Scott,Tran,44,Water engineer,55158.67
45,Timothy,Simmons,55,Maintenance engineer,90062.67
46,James,Jackson,33,Programmer, multimedia,67079.41
47,Linda,King,52,Chartered accountant,93392.78
48,Vanessa,Nguyen,18,Engineer, technical sales,68602.55
49,Tina,Sweeney,49,Theme park manager,65295.6
50,Kayla,Howard,20,Sales promotion account executive,36861.08
51,Tyler,Miles,46,Air cabin crew,74750.89
52,Douglas,Parks,45,Clinical molecular geneticist,61709.25
53,Timothy,Harris,63,Development worker, international aid,86298.64
54,Anna,Rice,57,Barista,80196.95
55,James,Gibson,38,Plant breeder/geneticist,93081.36
56,David,Parker,40,Scientific laboratory technician,40485.91
57,Stephen,Warren,32,Investment banker, corporate,85138.74
58,Jessica,Harris,47,Buyer, retail,35531.95
59,Nicholas,Leon,39,Patent examiner,69720.41
60,Jeffrey,Doyle,61,Neurosurgeon,48185.93
61,Adrian,Mclean,35,Market researcher,31115.5
62,Kathryn,Mitchell,60,Equality and diversity officer,65046.4
63,Stephanie,Woodard,18,Designer, interior/spatial,67274.45
64,Brent,Guzman,52,Midwife,74788.04
65,Christie,Mclean,31,Teacher, primary school,51547.42
66,Amy,Peterson,45,Environmental consultant,75058.01
67,Steven,King,48,Company secretary,95472.32
68,Beverly,Morales,64,Volunteer coordinator,61671.43
69,Edward,Chen,44,Volunteer coordinator,76932.43
70,Jared,Reyes,54,Social worker,54117.44
71,William,Adams,21,Proofreader,79561.47
72,Rachel,David,50,Tour manager,76301.49
73,Rebecca,Delgado,20,Surveyor, quantity,43717.06
74,Justin,Edwards,50,Engineer, chemical,98109.24
75,Shane,Roth,55,Risk analyst,85314.29
76,Michelle,Tran,19,Chief Strategy Officer,88601.36
77,Joshua,Fox,31,Radiation protection practitioner,62933.38
78,Joseph,Knight,56,Surveyor, building control,46822.14
79,Benjamin,Bailey,34,Television floor manager,65778.09
80,Stacy,Wilson,36,Restaurant manager,53760.93
81,Teresa,Hardin,27,Acupuncturist,37918.05
82,Beth,Thomas,63,Politician's assistant,50980.45
83,Christine,Fowler,43,Pilot, airline,92777.04
84,Christopher,Becker,52,Television production assistant,88423.96
85,Gloria,Parker,44,Surveyor, minerals,90404.6
86,William,Sexton,33,Forensic psychologist,39006.3
87,Jacob,Young,41,Therapist, occupational,50570.71
88,Marilyn,Rodriguez,37,Dentist,98031.89
89,Samuel,Gilmore,65,Chief Marketing Officer,88804.96
90,Brian,Palmer,38,Scientist, research (physical sciences),66764.14
91,Kirk,Leblanc,44,Ergonomist,45037.5
92,Brendan,Stephenson,47,Sales promotion account executive,36308.61
93,Jesus,Galvan,35,Insurance claims handler,52545.8
94,Daniel,Ruiz,45,Microbiologist,52090.67
95,Curtis,White,42,Clinical embryologist,91006.54
96,Robert,Johnston,58,Airline pilot,92026.96
97,Ruth,Walker,31,Psychologist, sport and exercise,81893.67
98,Jacob,Cortez,46,Social worker,77224.95
99,Taylor,Wolf,26,Conference centre manager,91761.57
100,Benjamin,Brown,40,Structural engineer,47142.09
101,Sheri,Smith,47,Nurse, children's,69259.85
102,Benjamin,Fletcher,26,Comptroller,98050.69
103,Larry,Moore,41,Psychologist, forensic,96966.78
104,Linda,Baker,27,Editor, commissioning,39416.53
105,Kyle,Hopkins,63,Exhibitions officer, museum/gallery,66093.08
106,Jennifer,Ruiz,63,Accountant, chartered,38703.29
107,Nancy,Stewart,27,Print production planner,88567.21
108,David,Figueroa,63,Broadcast presenter,36546.73
109,Tracy,King,55,Air broker,44779.19
110,Cassandra,Stevens,54,Corporate treasurer,38270.11
111,Alex,Griffin,56,Psychiatrist,35543.76
112,Carol,Newton,47,Theme park manager,39175.69
113,Jerry,Cobb,56,Dispensing optician,66976.97
114,Jillian,Hicks,18,Scientist, clinical (histocompatibility and immunogenetics),32408.19
115,Andrew,Zimmerman,56,Forest/woodland manager,71917.1
116,William,Smith,23,Museum education officer,97979.83
117,Christopher,Crawford,32,Chief Financial Officer,32786.58
118,Jessica,Webb,49,Economist,37061.5
119,Stanley,Fowler,38,Surgeon,81360.45
120,Keith,Nunez,20,Chief of Staff,78718.86
121,Patrick,Jones,35,Research scientist (maths),35112.71
122,Joshua,Martin,23,Information systems manager,99559.41
123,Maria,Weber,59,Historic buildings inspector/conservation officer,65117.62
124,Michelle,Mendoza,43,Education officer, environmental,55799.47
125,Jason,Schroeder,58,Advice worker,48177.55
126,Charles,Barton,27,Interpreter,71024.14
127,Michelle,Wright,20,Nurse, mental health,69064.65
128,Jason,Fuller,30,Environmental consultant,51894.55
129,Rebecca,Velez,62,Claims inspector/assessor,47699.78
130,David,Deleon,43,Textile designer,55740.45
131,Brian,Cunningham,38,Medical technical officer,73358.52
132,Jonathan,Burton,34,Horticulturist, commercial,81265.07
133,Dorothy,Harmon,47,Research officer, government,48436.58
134,Deborah,Moran,47,Programmer, multimedia,55063.25
135,Justin,Roach,49,Occupational hygienist,60528.15
136,Anthony,Lee,29,Press sub,84118.41
137,Danielle,Benjamin,36,Engineer, aeronautical,30464.68
138,Gabriel,Patterson,51,Designer, textile,78948.69
139,Michael,Mack,18,Surveyor, rural practice,75553.26
140,Gail,Cline,19,Medical technical officer,77120.48
141,Jason,Williams,64,Chief Financial Officer,81681.28
142,Timothy,Harvey,43,Teacher, primary school,76420.5
143,Becky,Glass,32,Teacher, early years/pre,61834.19
144,Sarah,Morris,62,Drilling engineer,52787.3
145,Danielle,Carrillo,29,Theatre stage manager,43851.21
146,Joseph,Castro,44,Health service manager,76109.07
147,Jerry,Combs,19,Ecologist,82175.71
148,Donna,Conley,43,Transport planner,49185.45
149,Amanda,Alexander,47,Materials engineer,39229.22
150,Sophia,Stanley,23,Web designer,42760.73
151,Ronald,Petty,48,Community pharmacist,69427.08
152,Penny,Matthews,32,Research scientist (maths),96774.65
153,Kevin,Davis,62,Psychologist, educational,98046.93
154,Raymond,Williams,20,Media buyer,80520.05
155,Wyatt,Alvarez,48,Museum/gallery curator,53685.47
156,George,Perry,64,Designer, textile,66617.1
157,Thomas,Spencer,33,Proofreader,94050.04
158,Joseph,Watson,57,Editor, commissioning,70245.51
159,Kelly,Wall,27,Sales executive,96744.74
160,Timothy,Castro,61,Engineer, building services,93392.89
161,Kevin,Williams,24,Statistician,51225.56
162,Garrett,Goodman,40,Surveyor, insurance,40869.05
163,John,Curry,46,Conservation officer, nature,51557.93
164,Brian,Cardenas,29,Medical secretary,74152.7
165,Eric,Villanueva,38,Museum/gallery exhibitions officer,46701.44
166,Mitchell,Thomas,37,Armed forces training and education officer,52755.04
167,Randall,Scott,18,Technical brewer,91488.25
168,Stephanie,Rogers,26,Outdoor activities/education manager,78486.67
169,Brian,Reed,64,Immunologist,52713.84
170,James,Spence,59,Television camera operator,48114.5
171,Michele,Clark,60,Electrical engineer,48260.76
172,Ruben,Allen,59,Buyer, retail,51576.3
173,Melinda,Wolf,51,Financial risk analyst,78977.21
174,Jennifer,Jackson,20,Clinical molecular geneticist,73481.66
175,Mike,Rodriguez,40,English as a second language teacher,58821.54
176,Yolanda,Smith,20,Land,90214.43
177,Samantha,Jackson,25,Product designer,77523.97
178,Chad,Hall,43,Engineer, agricultural,36621.18
179,Jeffrey,Mitchell,47,Programmer, systems,97123.76
180,Brian,Tate,21,Scientist, research (maths),75805.15
181,Jeff,Stevenson,36,Community pharmacist,31862.5
182,Omar,Martinez,32,Veterinary surgeon,83408.66
183,Sandra,Foster,48,Building surveyor,41443.5
184,Craig,Miller,52,Therapist, sports,94440.73
185,Benjamin,Orozco,63,Occupational hygienist,89819.92
186,Dana,Robertson,19,Clinical cytogeneticist,46640.54
187,Lisa,Johnson,20,Operations geologist,35052.23
188,Amanda,Young,51,Company secretary,88522.68
189,Alexander,Clark,41,Sub,72371.07
190,Daniel,Taylor,50,Scientist, research (physical sciences),83622.0
191,Melanie,Terry,64,Equities trader,43259.15
192,Todd,Vance,41,Teacher, special educational needs,71950.45
193,Sergio,Dunn,27,Professor Emeritus,94332.41
194,Bryan,Elliott,38,Market researcher,86235.8
195,Christopher,Valdez,27,Art therapist,63630.7
196,Nicole,Hunt,63,Architectural technologist,44321.29
197,Margaret,King,26,Comptroller,33376.36
198,Katrina,Blankenship,34,Therapist, horticultural,93147.25
199,David,Vaughn,45,Dramatherapist,57500.92
200,Yvonne,Howe,48,Engineer, civil (contracting),57707.1
201,Stephanie,Jennings,27,Higher education lecturer,40335.04
202,Samantha,Evans,19,Building services engineer,47724.29
203,Angela,Griffin,27,Radio broadcast assistant,61431.05
204,Charles,Mckee,56,Counsellor,43633.14
205,Julian,Rhodes,28,Insurance risk surveyor,41587.65
206,Laurie,Walker,51,Visual merchandiser,60039.41
207,Carolyn,Mendoza,25,Trade union research officer,97571.36
208,Todd,Miller,32,Horticulturist, amenity,63374.77
209,Patricia,Rivera,57,Civil Service administrator,44461.47
210,Dawn,Rosario,59,Forensic psychologist,94388.16
211,Melissa,Weeks,21,Amenity horticulturist,43943.27
212,Marisa,Brooks,46,Accommodation manager,72619.46
213,Kenneth,Brown,42,Secondary school teacher,30193.29
214,Gregory,Keller,36,Technical sales engineer,58614.08
215,George,Brown,63,Publishing rights manager,74589.16
216,Christian,Harris,27,Pathologist,58082.94
217,Mark,Williamson,36,Quantity surveyor,82223.28
218,Cynthia,Lawrence,24,Environmental manager,75191.86
219,Ruben,Le,34,Operations geologist,66212.89
220,Bryan,Sims,29,Financial adviser,83367.57
221,Sarah,Hunter,56,Chief Strategy Officer,57863.07
222,Jennifer,Herrera,41,Surveyor, quantity,92525.85
223,Rachel,Andrade,33,Surveyor, commercial/residential,97474.92
224,Charles,Lawrence,26,Forest/woodland manager,69246.28
225,Margaret,Floyd,53,Fashion designer,99591.13
226,Jason,Rivers,32,Teacher, English as a foreign language,56229.34
227,Christopher,Hanna,20,Seismic interpreter,85167.84
228,Mary,Miller,52,Air traffic controller,46234.89
229,Troy,Fleming,60,Psychologist, occupational,78520.99
230,Elizabeth,Rodriguez,19,Education officer, museum,96077.09
231,Carolyn,Wang,65,Financial risk analyst,84586.57
232,Christopher,Kelley,31,Geologist, wellsite,90152.47
233,Nicole,Garcia,44,Field trials officer,55926.73
234,Grant,Fowler,26,Podiatrist,62826.65
235,William,Friedman,27,Engineer, aeronautical,97291.04
236,Susan,Lucas,49,Private music teacher,71540.91
237,Joshua,Nelson,58,Engineer, energy,89041.91
238,Jean,Davis,24,Materials engineer,71111.67
239,Matthew,Johnson,27,Human resources officer,57940.97
240,Joseph,Miller,23,Civil Service administrator,95862.05
241,Charles,Scott,55,Passenger transport manager,99386.2
242,James,George,39,Psychologist, prison and probation services,48146.33
243,Tamara,Barr,31,General practice doctor,59142.69
244,Julian,Rose,46,Conference centre manager,97769.13
245,Alyssa,Cain,62,Financial controller,69500.34
246,Brianna,Kramer,34,Designer, ceramics/pottery,99848.15
247,Denise,Rollins,60,Field trials officer,62231.26
248,Lynn,Pham,35,Armed forces training and education officer,79487.72
249,Rodney,White,31,Surgeon,79075.84
250,Sue,Graham,25,Psychologist, prison and probation services,82871.09
251,Michelle,Bautista,55,Geochemist,65256.45
252,George,Hamilton,33,Development worker, international aid,38774.17
253,Aaron,Melendez,53,Chartered certified accountant,94852.68
254,Connie,Randolph,19,Designer, jewellery,64639.22
255,Rebecca,Collins,39,Pensions consultant,83908.53
256,Ronald,Stephens,47,Conservator, furniture,83509.4
257,Michelle,Barnes,34,Surveyor, quantity,78849.11
258,Linda,Richardson,59,Surveyor, mining,47206.47
259,Carrie,Anderson,46,Loss adjuster, chartered,48774.26
260,Holly,Wells,26,Hospital pharmacist,75127.16
261,Gail,James,44,Music tutor,65223.85
262,Richard,Banks,58,Conservator, furniture,63748.14
263,Sabrina,Johnson,38,Osteopath,67735.77
264,Kevin,Lopez,23,Clothing/textile technologist,60101.94
265,Laura,Carter,53,Research scientist (physical sciences),46216.64
266,Dennis,Bowman,28,Magazine features editor,32803.7
267,John,Sheppard,43,Astronomer,47188.38
268,Samuel,Gould,50,Chartered certified accountant,88605.38
269,John,Roberts,39,Radiographer, therapeutic,51374.76
270,Mark,Jones,34,Adult nurse,85801.02
271,Morgan,Jones,35,Software engineer,78279.51
272,Glenn,Watkins,65,Engineer, electrical,34058.63
273,Michele,Hernandez,56,Teacher, primary school,59681.41
274,Emma,Williams,27,Meteorologist,88566.4
275,Derrick,Taylor,48,Scientist, research (physical sciences),70209.3
276,Travis,Keller,35,Lecturer, higher education,69145.09
277,Jamie,Bautista,56,Community development worker,52200.76
278,Wendy,Williams,58,Structural engineer,85469.96
279,Willie,Fitzgerald,55,Private music teacher,95408.83
280,Donna,Washington,54,Fitness centre manager,78177.9
281,Elizabeth,Mitchell,19,Nurse, learning disability,35362.06
282,Joanna,Larson,56,Pharmacist, community,90974.07
283,Heather,Jones,57,Astronomer,51151.28
